{"models":[{"name":"DrinkDispenser","id":"a75eab42-bd62-45c3-92f4-2e98b64ff0ba","startElementId":"e61b7ede-7399-4883-979a-0eeb5eb7489e","actions":["dispenser \u003d  new com.company.model.Dispenser ();","user \u003d new com.company.model.User();"],"properties":{"description":"","component":""},"vertices":[{"id":"5745772e-2c93-4146-ac2b-d957543c9b2b","name":"v_test_choice","properties":{"blocked":false,"gw.vertex.init.script":"","x":281,"width":100,"y":390,"description":"","height":100}},{"id":"e61b7ede-7399-4883-979a-0eeb5eb7489e","name":"Start","properties":{"blocked":false,"gw.vertex.init.script":"","x":392,"width":100,"y":91,"description":"","height":100}},{"id":"ed512abb-1df3-47fd-a19f-ffd6570ffb72","name":"v_collect_money","properties":{"blocked":false,"gw.vertex.init.script":"","x":545,"width":100,"y":389,"description":"","height":100}},{"id":"e7abf4b1-cdf2-4335-809c-2d9e399a5b25","name":"v_wait","properties":{"blocked":false,"gw.vertex.init.script":"dispenser \u003d  new com.company.model.Dispenser ();\nuser \u003d new com.company.model.User();","x":390,"width":100,"y":220,"description":"","height":100}},{"id":"e14df597-6c8b-49be-a970-7cdeda7a907f","name":"v_giveback_money","properties":{"blocked":false,"gw.vertex.init.script":"","x":403,"width":100,"y":525,"description":"","height":100}},{"id":"509dbb2d-23c0-4afe-a9e1-70dec622a1fd","name":"v_deliver","properties":{"blocked":false,"gw.vertex.init.script":"","x":104,"width":100,"y":524,"description":"","height":100}}],"edges":[{"id":"0af8b16e-9dab-46e2-843f-0e30cdb78096","name":"e_deliver","guard":"dispenser.exactAmount()","properties":{"blocked":false},"weight":1.0,"dependency":0,"sourceVertexId":"5745772e-2c93-4146-ac2b-d957543c9b2b","targetVertexId":"509dbb2d-23c0-4afe-a9e1-70dec622a1fd"},{"id":"be25f804-4b69-477b-9066-355d0e780026","name":"e_select_item","properties":{"blocked":false},"weight":1.0,"dependency":0,"sourceVertexId":"e7abf4b1-cdf2-4335-809c-2d9e399a5b25","targetVertexId":"5745772e-2c93-4146-ac2b-d957543c9b2b"},{"id":"6a111fd6-c38a-4509-9c60-09a83cd116bf","name":"e_insert_coins","properties":{"blocked":false},"weight":1.0,"dependency":0,"sourceVertexId":"e7abf4b1-cdf2-4335-809c-2d9e399a5b25","targetVertexId":"ed512abb-1df3-47fd-a19f-ffd6570ffb72"},{"id":"fab6e7c0-de07-4633-9b80-65cdb5b7c9aa","name":"e_deliver","properties":{"blocked":false},"weight":1.0,"dependency":0,"sourceVertexId":"e14df597-6c8b-49be-a970-7cdeda7a907f","targetVertexId":"509dbb2d-23c0-4afe-a9e1-70dec622a1fd"},{"id":"da30ba51-c9fa-43a3-964f-41d8a990aff6","name":"e_insert_coins","guard":"!dispenser.sufficientAmount();","properties":{"blocked":false,"gw.edge.bendpoint.y.1":361,"gw.edge.bendpoint.x.2":251,"gw.edge.bendpoint.y.2":320,"gw.edge.bendpoint.x.0":226,"gw.edge.bendpoint.y.0":372,"gw.edge.bendpoint.x.1":230},"weight":1.0,"dependency":0,"sourceVertexId":"5745772e-2c93-4146-ac2b-d957543c9b2b","targetVertexId":"5745772e-2c93-4146-ac2b-d957543c9b2b"},{"id":"7545dd1d-affc-479b-9bc3-0ff2b7839f7b","name":"e_insert_coins","guard":"!dispenser.sufficientAmount();","properties":{"gw.edge.bendpoint.y.1":426,"gw.edge.bendpoint.x.0":780,"gw.edge.bendpoint.y.0":385,"gw.edge.bendpoint.x.1":788,"blocked":false},"weight":1.0,"dependency":0,"sourceVertexId":"ed512abb-1df3-47fd-a19f-ffd6570ffb72","targetVertexId":"ed512abb-1df3-47fd-a19f-ffd6570ffb72"},{"id":"4ced06b9-b834-4457-8230-0c8f1c724170","name":"e_giveback_money","guard":"dispenser.needGiveBack();","properties":{"blocked":false},"weight":1.0,"dependency":0,"sourceVertexId":"5745772e-2c93-4146-ac2b-d957543c9b2b","targetVertexId":"e14df597-6c8b-49be-a970-7cdeda7a907f"},{"id":"f3f5205a-a0b8-475f-b8f0-f01b95b14d82","name":"e_reset","properties":{"gw.edge.bendpoint.x.0":152,"gw.edge.bendpoint.y.0":263,"blocked":false},"weight":1.0,"dependency":0,"sourceVertexId":"509dbb2d-23c0-4afe-a9e1-70dec622a1fd","targetVertexId":"e7abf4b1-cdf2-4335-809c-2d9e399a5b25"},{"id":"9659efab-c62a-4f2a-ad26-43a1187305c7","name":"e_select_item","properties":{"blocked":false},"weight":1.0,"dependency":0,"sourceVertexId":"ed512abb-1df3-47fd-a19f-ffd6570ffb72","targetVertexId":"5745772e-2c93-4146-ac2b-d957543c9b2b"},{"id":"5196ab1a-85d1-4f37-84b8-4181a04bdc33","name":"","properties":{"blocked":false},"weight":1.0,"dependency":0,"sourceVertexId":"e61b7ede-7399-4883-979a-0eeb5eb7489e","targetVertexId":"e7abf4b1-cdf2-4335-809c-2d9e399a5b25"},{"id":"d87a266e-38ed-42dc-8042-aa328de643fa","name":"e_unselect_item","properties":{"blocked":false},"weight":1.0,"dependency":0,"sourceVertexId":"5745772e-2c93-4146-ac2b-d957543c9b2b","targetVertexId":"ed512abb-1df3-47fd-a19f-ffd6570ffb72"}]}]}