{"/Users/hamma/gw4e/gw4e.samples/Distributor/src/test/resources/com/company/.build.policies":{"modified":1508663036000,"generated":false},"/Users/hamma/gw4e/gw4e.samples/Distributor/src/test/resources/com/company/DrinkDispenser.json":{"modified":1508631686000,"generated":true},"/Users/hamma/gw4e/gw4e.samples/Distributor/src/test/resources/com/company/.DS_Store":{"modified":1508590316000,"generated":false},"/Users/hamma/gw4e/gw4e.samples/Distributor/src/test/resources/.DS_Store":{"modified":1508579947000,"generated":false},"/Users/hamma/gw4e/gw4e.samples/Distributor/src/test/resources/com/.DS_Store":{"modified":1508601413000,"generated":false},"/Users/hamma/gw4e/gw4e.samples/Distributor/src/test/resources/com/company/build.policies":{"modified":1508663036000,"generated":false}}